period,part,category,tagged,lines,counted_qty,ungated_qty
202510,AHUKZ-02F,ACACC,f,1,0,1
202510,AHUKZ-03F,ACACC,f,1,0,1
202510,EHK-7.5A-5T,ACACC,f,4,0,2
202510,FAHU-02,ACVRF,t,1,1,1
202510,FQZHD-02,ACACC,f,1,0,1
202510,FQZHN-01D,ACACC,f,5,0,31
202510,FQZHN-02D,ACACC,f,12,0,120
202510,FQZHN-03D,ACACC,f,8,0,200
202510,FQZHN-04D,ACACC,f,6,0,47
202510,FQZHN-05D,ACACC,f,3,0,20
202510,FQZHW-02N1E,ACACC,f,2,0,14
202510,FQZHW-03N1E,ACACC,f,2,0,10
202510,MCCT18HRN-C,ACCST,f,1,0,2
202510,MCCT24HRN-C,ACCST,f,1,0,3
202510,MCCT36HRN6-C,ACCST,f,1,0,1
202510,MCCT48CRN2-C,ACCST,f,1,0,1
202510,MCCT48CRN-C,ACCST,f,1,0,1
202510,MCCTV18HRN2-NP-C,ACCST,f,1,0,1
202510,MCCTV18HRN3-NP-C,ACCST,f,7,0,10
202510,MCCTV18HRN3-NP-F,ACCST,t,3,4,4
202510,MCCTV24HRN4-NP-C,ACCST,f,22,0,56
202510,MCCTV24HRN4-NP-F,ACCST,t,18,56,56
202510,MCCTV30HRN2-NP-C,ACCST,f,14,0,51
202510,MCCTV30HRN2-NP-F,ACCST,t,16,54,54
202510,MCCTV36HRN3-NP-C,ACCST,f,7,0,30
202510,MCCTV36HRN3-NP-F,ACCST,t,7,30,30
202510,MDV-D18DL/VN1-C(AT),ACVRF,f,2,0,0
202510,MDV-D24T3/VN1-DA5(2),ACCON,t,5,28,28
202510,MDV-D28T2/VN1-DA5(2),ACCON,t,17,119,119
202510,MDV-D36Q4/VN1-E(2),ACCST,t,5,30,30
202510,MDV-D36Q4/VN1-E(AT),ACCST,t,10,14,14
202510,MDV-D40T2/VN1-DA5(AT),ACCON,t,3,25,25
202510,MDV-D42T2/VN1-DA5(2),ACCON,t,75,358,358
202510,MDV-D48T2/VN1-DA5(2),ACCON,t,21,42,42
202510,MDV-D56Q4/HN1-E(2),ACCST,t,7,27,27
202510,MDV-D56Q4/HN1-E(AT),ACCST,t,1,1,1
202510,MDV-D56Q4/VN1-E(AT),ACCST,t,10,37,37
202510,MDV-D56T2/VN1-DA5(2),ACCON,t,96,413,413
202510,MDV-V18WDHN1(ATB),ACVRF,f,2,0,0
202510,MDV-V21WDHN1(ATB),ACVRF,f,2,0,6
202510,MDV-V28WDHN1(ATB),ACVRF,f,8,0,32
202510,MDV-V36WDHN1(ATB),ACVRF,f,7,0,37
202510,MDV-V42WDHN1(ATB),ACVRF,f,63,0,384
202510,MDV-V48WDHN1(ATB),ACVRF,f,38,0,78
202510,MDV-V56W/DHN1(ATB),ACVRF,f,7,0,33
202510,MDV-V56WDHN1(ATB),ACVRF,f,89,0,362
202510,MFTGA50CRN3-C,ACPAC,f,1,0,1
202510,MFTGA60HRN-F,ACPAC,t,1,1,1
202510,MFTGAV50CRN1-NP-C,ACPAC,f,6,0,45
202510,MFTGAV50CRN1-NP-F,ACPAC,t,6,45,45
202510,MFTGAV50HRN3-NP-C,ACPAC,f,3,0,7
202510,MFTGAV50HRN3-NP-F,ACPAC,t,3,7,7
202510,MFTGD60CRN2-HAJ-NP-C,ACPAC,f,22,0,89
202510,MFTGD60CRN2-HAJ-NP-F,ACPAC,t,22,89,89
202510,MHGT48HWN3-C,ACCON,f,1,0,3
202510,MHGT60CWN3-C,ACCON,f,1,0,3
202510,MHGT60CWNS-F,ACCON,t,1,6,6
202510,MHGT60HWN6-F,ACCON,t,1,1,1
202510,MHGT60HWNS-C,ACCON,f,1,0,2
202510,MHGTV48HWN-C,ACCON,f,1,0,1
202510,MHGTV60HWN3-C,ACCON,f,1,0,1
202510,MHGTV60HWN3S-NP-C,ACCON,f,2,0,10
202510,MHGTV60HWN3S-NP-F,ACCON,t,2,10,10
202510,MHGTV60HWN-F,ACCON,t,1,1,1
202510,MHGTV60HWNS-C,ACCON,f,1,0,3
202510,MI2-36T2DHN1,ACVRF,t,2,3,3
202510,MI-56Q4/DHN1-D,ACVRF,t,2,3,3
202510,MI-71Q4/DHN1-D,ACVRF,t,1,1,1
202510,MIH112T2HN18,ACVRF,t,5,53,53
202510,MIH140DLHN18,ACVRF,t,1,1,1
202510,MIH140T2HN18,ACVRF,t,2,4,4
202510,MIH160Q4HN18,ACVRF,t,1,-1,-1
202510,MIH160T1HN18,ACVRF,t,5,-1,-1
202510,MIH160T2HN18,ACVRF,t,6,189,189
202510,MIH200FAHN18,ACVRF,t,5,16,16
202510,MIH200T1HN18,ACVRF,t,1,2,2
202510,MIH224FAHN18,ACVRF,t,1,12,12
202510,MIH22GHN18,ACVRF,t,2,4,4
202510,MIH252FAHN18,ACVRF,t,1,4,4
202510,MIH280T1HN18,ACVRF,t,1,1,1
202510,MIH28Q4HN18,ACVRF,t,2,-4,-4
202510,MIH335T1HN18,ACVRF,t,1,1,1
202510,MIH36GHN18,ACVRF,t,1,4,4
202510,MIH36Q4CHN18,ACVRF,t,1,-1,-1
202510,MIH36T2HN18,ACVRF,t,1,21,21
202510,MIH36T3HN18,ACVRF,t,1,15,15
202510,MIH450FAHN18,ACVRF,t,3,9,9
202510,MIH45T2HN18,ACVRF,t,3,10,10
202510,MIH56GHN18,ACVRF,t,2,5,5
202510,MIH56Q4HN18,ACVRF,t,2,0,0
202510,MIH56T2HN18,ACVRF,t,5,46,46
202510,MIH71T2HN18,ACVRF,t,4,20,20
202510,MIH80T2HN18,ACVRF,t,1,2,2
202510,MIH90Q4HN18,ACVRF,t,1,1,1
202510,MIH90T2HN18,ACVRF,t,4,25,25
202510,MOVTB24HN1M14L-C,ACCON,f,1,0,1
202510,MOVTE24CN1M14G-C,ACCON,f,1,0,1
202510,MOVTE36CN1M14L-C,ACCON,f,1,0,17
202510,MOVTE48CN1M14L-C,ACCON,f,1,0,3
202510,MP12CRNPH,ACPOR,t,7,67,67
202510,MRCT-050CWN1-Y(E),ACPKG,t,7,12,12
202510,MRCT-075CWN1-Y(D),ACPKG,t,1,6,6
202510,MRCT-100CWN1-Y(D) CL,ACPKG,t,1,1,1
202510,MRCT-150CWN1-Y(D),ACPKG,t,1,2,2
202510,MRCT-250CWN1-Y(D),ACPKG,t,3,10,10
202510,MRCT-300CWN1-Y(DH),ACPKG,t,7,18,18
202510,MSTA12CRNAG14-NP-C,ACWTS,f,1,0,2
202510,MSTA12CRNAG14-NP-F,ACWTS,t,1,2,2
202510,MSTA24CRNAB8-NP-C,ACWTS,f,2,0,11
202510,MSTA24CRNAB8-NP-F,ACWTS,t,2,11,11
202510,MSTA30CRNAB8-NP-C,ACWTS,f,5,0,140
202510,MSTA30CRNAB8-NP-F,ACWTS,t,5,140,140
202510,MSTE12CRN1AG2-MOH-NP-C,ACWTS,f,4,0,212
202510,MSTE12CRN1AG2-MOH-NP-F,ACWTS,t,4,212,212
202510,MSTE12CRN1AG2-NP-C,ACWTS,f,30,0,172
202510,MSTE12CRN1AG2-NP-F,ACWTS,t,31,173,173
202510,MSTE12HRN1AG2-NP-C,ACWTS,f,19,0,95
202510,MSTE12HRN1AG2-NP-F,ACWTS,t,19,95,95
202510,MSTE18CRN2AB4.C,ACWTS,f,1,0,5
202510,MSTE18CRN2AG2-NP-C,ACWTS,f,104,0,1176
202510,MSTE18CRN2AG2-NP-F,ACWTS,t,104,1176,1176
202510,MSTE18CRNAB4-C,ACWTS,f,1,0,1
202510,MSTE18CRNAG2-NP-C,ACWTS,f,3,0,3
202510,MSTE18CRNAG2-NP-F,ACWTS,t,3,3,3
202510,MSTE18CRNMB2-C,ACWTS,f,1,0,9
202510,MSTE18HRN1AG2-NP-C,ACWTS,f,1,0,1
202510,MSTE18HRN2AB4-C,ACWTS,f,1,0,1
202510,MSTE18HRN2AG2-NP-C,ACWTS,f,24,0,444
202510,MSTE18HRN2AG2-NP-F,ACWTS,t,24,444,444
202510,MSTE18HRN3AB4-F,ACWTS,t,1,1,1
202510,MSTE24CRN1AG2-NP-C,ACWTS,f,2,0,5
202510,MSTE24CRN1AG2-NP-F,ACWTS,t,3,4,4
202510,MSTE24CRN2AG2-NP-C,ACWTS,f,101,0,983
202510,MSTE24CRN2AG2-NP-F,ACWTS,t,101,983,983
202510,MSTE24CRN3AB4-C,ACWTS,f,1,0,-1
202510,MSTE24CRNAG2-C,ACWTS,f,1,0,1
202510,MSTE24CRNAG2-F,ACWTS,t,1,2,2
202510,MSTE24CRNAG2-NP-C,ACWTS,f,1,0,2
202510,MSTE24HRN2AB4-C,ACWTS,f,1,0,1
202510,MSTE24HRN2AG2-MOH-NP-C,ACWTS,f,4,0,500
202510,MSTE24HRN2AG2-MOH-NP-F,ACWTS,t,4,500,500
202510,MSTE24HRN2AG2-NP-C,ACWTS,f,22,0,193
202510,MSTE24HRN2AG2-NP-F,ACWTS,t,22,193,193
202510,MSTE24HRNAB4-C,ACWTS,f,1,0,1
202510,MSTE30CRN4AB4.C,ACWTS,f,1,0,1
202510,MSTE30CRN4AB4-NP-C,ACWTS,f,53,0,298
202510,MSTE30CRN4AB4-NP-F,ACWTS,t,53,298,298
202510,MSTE30CRNF6-C,ACWTS,f,1,0,1
202510,MSTE30HRN3AB4-NP-C,ACWTS,f,1,0,1
202510,MSTE30HRN4AB4-MOH-NP-C,ACWTS,f,4,0,418
202510,MSTE30HRN4AB4-MOH-NP-F,ACWTS,t,4,418,418
202510,MSTE30HRN4AB4-NP-C,ACWTS,f,6,0,15
202510,MSTE30HRN4AB4-NP-F,ACWTS,t,6,15,15
202510,MSTE36CRN3MB-F,ACWTS,t,1,1,1
202510,MSTE36CRNF6-C,ACWTS,f,1,0,1
202510,MSTEP18CRNF6-C,ACWTS,f,1,0,1
202510,MSTEP18HRNMB2-C,ACWTS,f,1,0,1
202510,MSTEP24CRNMB2-C,ACWTS,f,1,0,2
202510,MSTEP24HRN3AB4-C,ACWTS,f,1,0,1
202510,MSTEP30CRN2F6-C,ACWTS,f,1,0,1
202510,MSTEP30CRN3F6-C,ACWTS,f,1,0,1
202510,MSTEP30CRNF6-C,ACWTS,f,1,0,2
202510,MSTEP30HRN2F6-C,ACWTS,f,1,0,5
202510,MSTEP30HRN3AB4-C,ACWTS,f,1,0,1
202510,MSTEP30HRNAB4-C,ACWTS,f,1,0,1
202510,MSTEP36CRNF6-C,ACWTS,f,1,0,1
202510,MSTL12CRN1AG2-NP-C,ACWTS,f,19,0,154
202510,MSTL12CRN1AG2-NP-F,ACWTS,t,19,154,154
202510,MSTL12HRN1AG2-NP-C,ACWTS,f,5,0,27
202510,MSTL12HRN1AG2-NP-F,ACWTS,t,5,27,27
202510,MSTL12HRNAG2-C,ACWTS,f,1,0,1
202510,MSTL12HRNAG2-F,ACWTS,t,1,1,1
202510,MSTL18CRN2AG2-NP-C,ACWTS,f,24,0,453
202510,MSTL18CRN2AG2-NP-F,ACWTS,t,24,453,453
202510,MSTL18CRNAG2-C,ACWTS,f,1,0,7
202510,MSTL18CRNAG2-NP-C,ACWTS,f,2,0,7
202510,MSTL18CRNAG2-NP-F,ACWTS,t,1,4,4
202510,MSTL18CRNMB2-F,ACWTS,t,1,1,1
202510,MSTL18HRN2AG2-NP-C,ACWTS,f,8,0,75
202510,MSTL18HRN2AG2-NP-F,ACWTS,t,8,75,75
202510,MSTL18HRNAG2-C,ACWTS,f,1,0,2
202510,MSTL24CRN1AG2-NP-C,ACWTS,f,2,0,1
202510,MSTL24CRN1AG2-NP-F,ACWTS,t,2,1,1
202510,MSTL24CRN2AG2-NP-C,ACWTS,f,28,0,336
202510,MSTL24CRN2AG2-NP-F,ACWTS,t,28,336,336
202510,MSTL24HRN2AG2-NP-C,ACWTS,f,14,0,78
202510,MSTL24HRN2AG2-NP-F,ACWTS,t,15,79,79
202510,MSTL30CRN2AB4-F,ACWTS,t,1,1,1
202510,MSTL30CRN4AB4-NP-C,ACWTS,f,16,0,162
202510,MSTL30CRN4AB4-NP-F,ACWTS,t,16,162,162
202510,MSTL30HRN3AB4-C,ACWTS,f,1,0,1
202510,MSTL30HRN4AB4-NP-C,ACWTS,f,5,0,36
202510,MSTL30HRN4AB4-NP-F,ACWTS,t,5,36,36
202510,MSTL36CRN3MB-NP-C,ACWTS,f,87,0,581
202510,MSTL36CRN3MB-NP-F,ACWTS,t,87,577,577
202510,MSTL36HRN4MB-NP-C,ACWTS,f,18,0,61
202510,MSTL36HRN4MB-NP-F,ACWTS,t,18,61,61
202510,MSTL36HRNF6-C,ACWTS,f,1,0,1
202510,MSTM18CRN2-C,ACWTS,f,1,0,1
202510,MSTM18CRNAB4-C,ACWTS,f,1,0,2
202510,MSTM18CRN-C,ACWTS,f,1,0,1
202510,MSTM18HRN2-C,ACWTS,f,1,0,4
202510,MSTM24CRN2-C,ACWTS,f,1,0,2
202510,MSTM24HRN2-C,ACWTS,f,1,0,5
202510,MSTM24HRN-C,ACWTS,f,1,0,1
202510,MSTM30CRN2-C,ACWTS,f,1,0,1
202510,MSTM30HRN3AB4-C,ACWTS,f,1,0,1
202510,MSTM30HRN3AB4-F,ACWTS,t,1,1,1
202510,MSTMV18HRN2-C,ACWTS,f,1,0,2
202510,MSTMV24HRN-C,ACWTS,f,1,0,1
202510,MSTMX12CRN1AG1-C,ACWTS,f,25,0,147
202510,MSTMX12CRN1AG1-F,ACWTS,t,25,147,147
202510,MSTMX12CRN1AG1-NP-C,ACWTS,f,5,0,25
202510,MSTMX12CRN1AG1-NP-F,ACWTS,t,5,25,25
202510,MSTMX12CRNAG1-NP-C,ACWTS,f,1,0,10
202510,MSTMX12HRN1AG1-C,ACWTS,f,7,0,36
202510,MSTMX12HRN1AG1-F,ACWTS,t,7,36,36
202510,MSTMX12HRN1AG1-NP-C,ACWTS,f,1,0,3
202510,MSTMX12HRN1AG1-NP-F,ACWTS,t,1,3,3
202510,MSTMX18CRN1AG1-C,ACWTS,f,46,0,951
202510,MSTMX18CRN1AG1-F,ACWTS,t,47,951,951
202510,MSTMX18CRN1AG1-NP-C,ACWTS,f,4,0,21
202510,MSTMX18CRN1AG1-NP-F,ACWTS,t,4,21,21
202510,MSTMX18HRN2AG1-C,ACWTS,f,11,0,88
202510,MSTMX18HRN2AG1-F,ACWTS,t,11,88,88
202510,MSTMX18HRN2AG1-NP-C,ACWTS,f,2,0,26
202510,MSTMX18HRN2AG1-NP-F,ACWTS,t,2,26,26
202510,MSTMX18HRNAG1-NP-C,ACWTS,f,1,0,1
202510,MSTMX24CRN1AG1-C,ACWTS,f,52,0,771
202510,MSTMX24CRN1AG1-F,ACWTS,t,53,781,781
202510,MSTMX24CRN1AG1-NP-C,ACWTS,f,5,0,15
202510,MSTMX24CRN1AG1-NP-F,ACWTS,t,4,8,8
202510,MSTMX24HRN2AG1-C,ACWTS,f,13,0,146
202510,MSTMX24HRN2AG1-F,ACWTS,t,13,146,146
202510,MSTMX24HRN2AG1-NP-C,ACWTS,f,1,0,12
202510,MSTMX24HRN2AG1-NP-F,ACWTS,t,1,12,12
202510,MSTMX24HRNAG1-C,ACWTS,f,1,0,2
202510,MSTMX30CRNAG1-C,ACWTS,f,36,0,149
202510,MSTMX30CRNAG1-F,ACWTS,t,35,148,148
202510,MSTMX30CRNAG1-NP-C,ACWTS,f,4,0,26
202510,MSTMX30CRNAG1-NP-F,ACWTS,t,4,26,26
202510,MSTMX30HRN1AG1-C,ACWTS,f,8,0,46
202510,MSTMX30HRN1AG1-F,ACWTS,t,8,46,46
202510,MSTMX30HRNAG1-C,ACWTS,f,1,0,1
202510,MSTMXV12HRN2AG1-NP-C,ACWTS,f,10,0,40
202510,MSTMXV12HRN2AG1-NP-F,ACWTS,t,10,40,40
202510,MSTMXV18HRN2AG1-NP-C,ACWTS,f,7,0,28
202510,MSTMXV18HRN2AG1-NP-F,ACWTS,t,8,31,31
202510,MSTMXV24HRN2AG1-NP-C,ACWTS,f,4,0,5
202510,MSTMXV24HRN2AG1-NP-F,ACWTS,t,5,24,24
202510,MSTMXV30HRN1AG1-NP-C,ACWTS,f,1,0,1
202510,MSTMXV30HRN2AG1-NP-C,ACWTS,f,12,0,39
202510,MSTMXV30HRN2AG1-NP-F,ACWTS,t,13,50,50
202510,MSTMXV36HRN1MB-NP-C,ACWTS,f,3,0,4
202510,MSTMXV36HRN1MB-NP-F,ACWTS,t,3,4,4
202510,MSTMXVE18CRNAG1-NP-C,ACWTS,f,18,0,94
202510,MSTMXVE18CRNAG1-NP-F,ACWTS,t,18,94,94
202510,MSTMXVE18HRN1AG1-NP-C,ACWTS,f,5,0,14
202510,MSTMXVE18HRN1AG1-NP-F,ACWTS,t,5,14,14
202510,MSTMXVE24CRNAG1-NP-C,ACWTS,f,20,0,173
202510,MSTMXVE24CRNAG1-NP-F,ACWTS,t,20,173,173
202510,MSTMXVE30HRN3AG1-NP-C,ACWTS,f,4,0,16
202510,MSTMXVE30HRN3AG1-NP-F,ACWTS,t,4,16,16
202510,MSTN12CRNAG16-NP-C,ACWTS,f,3,0,7
202510,MSTN12CRNAG16-NP-F,ACWTS,t,3,7,7
202510,MSTN12HRNAG16-NP-C,ACWTS,f,4,0,8
202510,MSTN12HRNAG16-NP-F,ACWTS,t,4,8,8
202510,MSTN18CRNAG16-NP-C,ACWTS,f,11,0,50
202510,MSTN18CRNAG16-NP-F,ACWTS,t,11,50,50
202510,MSTN18HRNAG16-NP-C,ACWTS,f,8,0,25
202510,MSTN18HRNAG16-NP-F,ACWTS,t,8,25,25
202510,MSTN24CRNAG16-NP-C,ACWTS,f,9,0,45
202510,MSTN24CRNAG16-NP-F,ACWTS,t,9,45,45
202510,MSTN24HRNAG16-NP-C,ACWTS,f,11,0,34
202510,MSTN24HRNAG16-NP-F,ACWTS,t,11,34,34
202510,MSTO14CRNM10-C,ACWTS,f,1,0,1
202510,MSTO20CRNM10-F,ACWTS,t,1,1,1
202510,MSTO20HRNM10-C,ACWTS,f,1,0,3
202510,MSTO26CRNM10-C,ACWTS,f,1,0,2
202510,MSTO32CRNM10-C,ACWTS,f,1,0,2
202510,MSTP19CRNAE1-NP-C,ACWTS,f,1,0,12
202510,MSTS12CRN3AB8-C,ACWTS,f,1,0,22
202510,MSTS12CRNAG15-C,ACWTS,f,2,0,25
202510,MSTS12CRNAG15-F,ACWTS,t,2,25,25
202510,MSTS12CRNAG15-NP-C,ACWTS,f,2,0,10
202510,MSTS12CRNAG15-NP-F,ACWTS,t,2,10,10
202510,MSTS12HRN1AG15-C,ACWTS,f,4,0,53
202510,MSTS12HRN1AG15-F,ACWTS,t,4,53,53
202510,MSTS12HRN2AB8-C,ACWTS,f,1,0,8
202510,MSTS12HRN3AB8-C,ACWTS,f,1,0,13
202510,MSTS18CRN2AG15-C,ACWTS,f,10,0,320
202510,MSTS18CRN2AG15-F,ACWTS,t,10,320,320
202510,MSTS18CRN2AG15-NP-C,ACWTS,f,4,0,130
202510,MSTS18CRN2AG15-NP-F,ACWTS,t,4,130,130
202510,MSTS18CRN3AB8-C,ACWTS,f,1,0,1
202510,MSTS18CRNAG15-C,ACWTS,f,1,0,3
202510,MSTS18CRNAG15-F,ACWTS,t,2,5,5
202510,MSTS18HRN1AG15-C,ACWTS,f,4,0,65
202510,MSTS18HRN1AG15-F,ACWTS,t,4,65,65
202510,MSTS18HRN1AG15-NP-C,ACWTS,f,1,0,5
202510,MSTS18HRN1AG15-NP-F,ACWTS,t,1,5,5
202510,MSTS18HRNAG15-C,ACWTS,f,1,0,1
202510,MSTS18HRNAG15-F,ACWTS,t,1,1,1
202510,MSTS24CRN2AG15-C,ACWTS,f,17,0,393
202510,MSTS24CRN2AG15-F,ACWTS,t,17,393,393
202510,MSTS24CRN2AG15-NP-C,ACWTS,f,5,0,130
202510,MSTS24CRN2AG15-NP-F,ACWTS,t,5,130,130
202510,MSTS24CRNAG15-C,ACWTS,f,1,0,3
202510,MSTS24CRNAG15-F,ACWTS,t,1,4,4
202510,MSTS24HRN2AG15-C,ACWTS,f,4,0,45
202510,MSTS24HRN2AG15-F,ACWTS,t,4,45,45
202510,MSTS24HRN2AG15-NP-C,ACWTS,f,5,0,36
202510,MSTS24HRN2AG15-NP-F,ACWTS,t,5,36,36
202510,MSTS30CRNAG15-C,ACWTS,f,7,0,119
202510,MSTS30CRNAG15-F,ACWTS,t,7,119,119
202510,MSTS30CRNAG15-NP-C,ACWTS,f,5,0,100
202510,MSTS30CRNAG15-NP-F,ACWTS,t,5,100,100
202510,MSTS30HRN1AG15-C,ACWTS,f,3,0,15
202510,MSTS30HRN1AG15-F,ACWTS,t,3,15,15
202510,MSTS30HRN3AB8-C,ACWTS,f,1,0,1
202510,MSTS36CRN3MB-F,ACWTS,t,1,1,1
202510,MSTS36HRN2AB8-C,ACWTS,f,1,0,1
202510,MSTS36HRN3MB-C,ACWTS,f,1,0,1
202510,MSTS36HRN3MB-F,ACWTS,t,1,1,1
202510,MSTXCV18HRNXT-NP-C,ACWTS,f,5,0,22
202510,MSTXCV18HRNXT-NP-F,ACWTS,t,5,22,22
202510,MSTXCV24HRNXT-NP-C,ACWTS,f,4,0,14
202510,MSTXCV24HRNXT-NP-F,ACWTS,t,4,14,14
202510,MTBTV18HRN4-NP-C,ACCON,f,1,0,5
202510,MTBTV18HRN5-NP-C,ACCON,f,14,0,97
202510,MTBTV18HRN5-NP-F,ACCON,t,16,122,122
202510,MTBTV24HRN3-NP-C,ACCON,f,1,0,2
202510,MTBTV24HRN4-NP-C,ACCON,f,32,0,254
202510,MTBTV24HRN4-NP-F,ACCON,t,27,116,116
202510,MTBTVE18HWN1-NP-C,ACCON,f,1,0,2
202510,MTBTVE18HWN1-NP-F,ACCON,t,1,2,2
202510,MTBTVE24HWN1-NP-C,ACCON,f,1,0,3
202510,MTBTVE24HWN1-NP-F,ACCON,t,1,3,3
202510,MTBTVE36HWN1-NP-C,ACCON,f,2,0,11
202510,MTBTVE36HWN1-NP-F,ACCON,t,3,12,12
202510,MTBTVE48HWN1-NP-C,ACCON,f,3,0,9
202510,MTBTVE48HWN1-NP-F,ACCON,t,7,19,19
202510,MTBTVE60HWN1-NP-C,ACCON,f,2,0,13
202510,MTBTVE60HWN1-NP-F,ACCON,t,3,14,14
202510,MV8-900WV2GN1(SA),ACVRF,f,1,0,1
202510,MVC-M280WV2GN1(SA),ACVRF,f,1,0,1
202510,MVC-M400WV2GN1(SA),ACVRF,f,1,0,1
202510,MVC-M450WV2GN1(SA),ACVRF,f,1,0,1
202510,MVC-M450WV2GN1(SA)-AC,ACVRF,f,1,0,2
202510,MVC-M500WV2GN1(SA)-AC,ACVRF,f,1,0,1
202510,MVC-M560WV2GN1(SA)-AC,ACVRF,f,1,0,1
202510,MVC-M615WV2GN1(SA),ACVRF,f,1,0,4
202510,MVC-M670WV2GN1(SA)-AC,ACVRF,f,1,0,2
202510,MVC-M785WV2GN1(SA),ACVRF,f,1,0,2
202510,MVC-M785WV2GN1(SA)-AC,ACVRF,f,1,0,1
202510,MVC-M850WV2GN1(SA)-AC,ACVRF,f,1,0,1
202510,MVI-200WV2GN1(A),ACVRF,f,1,0,1
202510,RM23A,ACACC,f,3,0,34
202510,T-MBQ4-02E1,ACACC,f,18,0,61
202510,WDC3-86S,ACACC,f,1,0,6
202510,WDC3-86T,ACACC,f,16,0,120
202510,WDC3-86T-BLACK,ACACC,f,3,0,-6
202510,WDV18CWG,ACWIN,t,63,1143,1143
202510,WDV18HWG,ACWIN,t,22,698,698
202510,WDV24CWG,ACWIN,t,5,2,2
202510,WDV24HWG,ACWIN,t,21,151,151
202510,WDV25CWG,ACWIN,t,37,357,357
202511,EHK-28A-12.5T,ACACC,f,1,0,2
202511,EHK-36A-25T,ACACC,f,1,0,1
202511,FQZHN-01D,ACACC,f,3,0,96
202511,FQZHN-02D,ACACC,f,4,0,172
202511,FQZHN-03D,ACACC,f,4,0,87
202511,FQZHN-04D,ACACC,f,1,0,20
202511,FQZHN-05D,ACACC,f,2,0,14
202511,FQZHW-02N1E,ACACC,f,2,0,22
202511,GW3-KNX,ACACC,f,1,0,50
202511,GW-KNX,ACACC,f,1,0,1
202511,IMMP-BAC(A),ACACC,f,1,0,1
202511,IN701KNX2500000,ACACC,f,1,0,1
202511,MCCTV18HRN3-NP-C,ACCST,f,3,0,15
202511,MCCTV24HRN4-NP-C,ACCST,f,12,0,19
202511,MCCTV24HRN4-NP-F,ACCST,t,6,10,10
202511,MCCTV30HRN2-NP-C,ACCST,f,25,0,88
202511,MCCTV30HRN2-NP-F,ACCST,t,34,108,108
202511,MCCTV36HRN3-NP-C,ACCST,f,2,0,2
202511,MCCTV36HRN3-NP-F,ACCST,t,4,7,7
202511,MD20DM,ACAIP,t,1,2,2
202511,MDV-D24T3/VN1-DA5(2),ACCON,t,2,5,5
202511,MDV-D28T2/VN1-DA5(2),ACCON,t,22,154,154
202511,MDV-D36Q4/VN1-E(2),ACCST,t,3,16,16
202511,MDV-D36Q4/VN1-E(AT),ACCST,t,2,8,8
202511,MDV-D40T2/VN1-DA5(AT),ACCON,t,1,2,2
202511,MDV-D42T2/VN1-DA5(2),ACCON,t,75,284,284
202511,MDV-D48T2/VN1-DA5(2),ACCON,t,17,49,49
202511,MDV-D56Q4/HN1-E(2),ACCST,t,7,28,28
202511,MDV-D56Q4/HN1-E(AT),ACCST,t,1,1,1
202511,MDV-D56Q4/VN1-E(AT),ACCST,t,4,32,32
202511,MDV-D56T2/VN1-DA5(2),ACCON,t,81,357,357
202511,MDV-V21WDHN1(ATB),ACVRF,f,4,0,7
202511,MDV-V28WDHN1(ATB),ACVRF,f,12,0,37
202511,MDV-V36WDHN1(ATB),ACVRF,f,2,0,3
202511,MDV-V42WDHN1(ATB),ACVRF,f,55,0,199
202511,MDV-V48WDHN1(ATB),ACVRF,f,16,0,23
202511,MDV-V56W/DHN1(ATB),ACVRF,f,17,0,52
202511,MDV-V56WDHN1(ATB),ACVRF,f,69,0,248
202511,MFTGAV50CRN1-HAJ-NP-C,ACPAC,f,3,0,6
202511,MFTGAV50CRN1-HAJ-NP-F,ACPAC,t,3,6,6
202511,MFTGAV50CRN1-NP-C,ACPAC,f,5,0,13
202511,MFTGAV50CRN1-NP-F,ACPAC,t,5,13,13
202511,MFTGAV50HRN3-NP-C,ACPAC,f,2,0,15
202511,MFTGAV50HRN3-NP-F,ACPAC,t,2,15,15
202511,MFTGD60CRN2-HAJ-NP-C,ACPAC,f,14,0,46
202511,MFTGD60CRN2-HAJ-NP-F,ACPAC,t,14,46,46
202511,MFTGD60CRN2-NP-C,ACPAC,f,1,0,-1
202511,MFTGD60CRN2-NP-F,ACPAC,t,1,-1,-1
202511,MI2-200T1DHN1,ACVRF,t,1,2,2
202511,MIH112Q4HN18,ACVRF,t,1,1,1
202511,MIH112T2HN18,ACVRF,t,2,52,52
202511,MIH140DLHN18,ACVRF,t,1,2,2
202511,MIH140T2HN18,ACVRF,t,3,5,5
202511,MIH160T1HN18,ACVRF,t,7,1,1
202511,MIH160T2HN18,ACVRF,t,8,82,82
202511,MIH200FAHN18,ACVRF,t,1,3,3
202511,MIH200T1HN18,ACVRF,t,1,2,2
202511,MIH36GHN18,ACVRF,t,4,5,5
202511,MIH36T2HN18,ACVRF,t,1,1,1
202511,MIH450FAHN18,ACVRF,t,1,2,2
202511,MIH45T2HN18,ACVRF,t,2,20,20
202511,MIH56GHN18,ACVRF,t,4,65,65
202511,MIH56Q4CHN18,ACVRF,t,1,5,5
202511,MIH56Q4HN18,ACVRF,t,2,7,7
202511,MIH56T2HN18,ACVRF,t,2,7,7
202511,MIH71Q4HN18,ACVRF,t,1,6,6
202511,MIH71T2HN18,ACVRF,t,2,10,10
202511,MIH71T3HN18,ACVRF,t,2,2,2
202511,MIH80GHN18,ACVRF,t,1,2,2
202511,MIH90T2HN18,ACVRF,t,1,2,2
202511,MP12CRNPH,ACPOR,t,5,49,49
202511,MRCT-075CWN1-Y(D) CL,ACPKG,t,1,1,1
202511,MRCT-100CWN1-Y(D),ACPKG,t,1,1,1
202511,MRCT-125CWN1-Y(D),ACPKG,t,2,2,2
202511,MRCT-150CWN1-Y(D),ACPKG,t,2,2,2
202511,MRCT-200CWN1-Y(D),ACPKG,t,2,2,2
202511,MRCT-250CWN1-Y(D),ACPKG,t,2,11,11
202511,MRCT-300CWN1-Y(DH),ACPKG,t,5,10,10
202511,MSTA12HRNAG14-NP-C,ACWTS,f,1,0,3
202511,MSTA12HRNAG14-NP-F,ACWTS,t,1,3,3
202511,MSTA18CRNAB8-NP-C,ACWTS,f,1,0,4
202511,MSTA18CRNAB8-NP-F,ACWTS,t,1,4,4
202511,MSTA18HRNAB8-NP-C,ACWTS,f,2,0,8
202511,MSTA18HRNAB8-NP-F,ACWTS,t,2,8,8
202511,MSTA24CRNAB8-NP-C,ACWTS,f,1,0,6
202511,MSTA24CRNAB8-NP-F,ACWTS,t,1,6,6
202511,MSTA24HRNAB8-NP-C,ACWTS,f,1,0,3
202511,MSTA24HRNAB8-NP-F,ACWTS,t,1,3,3
202511,MSTA30CRNAB8-NP-C,ACWTS,f,4,0,73
202511,MSTA30CRNAB8-NP-F,ACWTS,t,4,73,73
202511,MSTA30HRNAB8-NP-C,ACWTS,f,1,0,3
202511,MSTA30HRNAB8-NP-F,ACWTS,t,1,3,3
202511,MSTE12CRN1AG2-MOH-NP-C,ACWTS,f,5,0,281
202511,MSTE12CRN1AG2-MOH-NP-F,ACWTS,t,5,281,281
202511,MSTE12CRN1AG2-NP-C,ACWTS,f,34,0,189
202511,MSTE12CRN1AG2-NP-F,ACWTS,t,35,190,190
202511,MSTE12HRN1AG2-NP-C,ACWTS,f,9,0,65
202511,MSTE12HRN1AG2-NP-F,ACWTS,t,9,65,65
202511,MSTE18CRN2AG2-NP-C,ACWTS,f,102,0,1104
202511,MSTE18CRN2AG2-NP-F,ACWTS,t,102,1104,1104
202511,MSTE18CRNAB4-C,ACWTS,f,1,0,1
202511,MSTE18CRNAG2-NP-C,ACWTS,f,2,0,2
202511,MSTE18CRNAG2-NP-F,ACWTS,t,1,2,2
202511,MSTE18CRNMB2-F,ACWTS,t,1,1,1
202511,MSTE18HRN2AB4-F,ACWTS,t,1,1,1
202511,MSTE18HRN2AG2-NP-C,ACWTS,f,18,0,234
202511,MSTE18HRN2AG2-NP-F,ACWTS,t,18,234,234
202511,MSTE18HRNMB2-F,ACWTS,t,1,2,2
202511,MSTE24CRN1AG2-NP-C,ACWTS,f,1,0,-1
202511,MSTE24CRN1AG2-NP-F,ACWTS,t,1,-1,-1
202511,MSTE24CRN2AG2-NP-C,ACWTS,f,99,0,948
202511,MSTE24CRN2AG2-NP-F,ACWTS,t,99,948,948
202511,MSTE24CRNMB2-F,ACWTS,t,1,1,1
202511,MSTE24HRN1AG2-NP-C,ACWTS,f,1,0,2
202511,MSTE24HRN2AB4-F,ACWTS,t,1,1,1
202511,MSTE24HRN2AG2-MOH-NP-C,ACWTS,f,6,0,570
202511,MSTE24HRN2AG2-MOH-NP-F,ACWTS,t,6,570,570
202511,MSTE24HRN2AG2-NP-C,ACWTS,f,16,0,148
202511,MSTE24HRN2AG2-NP-F,ACWTS,t,16,148,148
202511,MSTE24HRN3AB4.F,ACWTS,t,1,1,1
202511,MSTE24HRNMB2-C,ACWTS,f,1,0,1
202511,MSTE30CRN3AB4-C,ACWTS,f,1,0,1
202511,MSTE30CRN4AB4-NP-C,ACWTS,f,57,0,276
202511,MSTE30CRN4AB4-NP-F,ACWTS,t,57,276,276
202511,MSTE30HRN3AB4-MOH-C,ACWTS,f,1,0,40
202511,MSTE30HRN3AB4-MOH-F,ACWTS,t,1,40,40
202511,MSTE30HRN4AB4-MOH-NP-C,ACWTS,f,5,0,558
202511,MSTE30HRN4AB4-MOH-NP-F,ACWTS,t,5,558,558
202511,MSTE30HRN4AB4-NP-C,ACWTS,f,5,0,43
202511,MSTE30HRN4AB4-NP-F,ACWTS,t,5,43,43
202511,MSTEP18CRNAG2-F,ACWTS,t,1,1,1
202511,MSTEP18CRNAG2-NP-C,ACWTS,f,1,0,2
202511,MSTEP30HRN3F6-F,ACWTS,t,1,1,1
202511,MSTEP36CRNF6-C,ACWTS,f,1,0,-2
202511,MSTEP36CRNF6-F,ACWTS,t,1,1,1
202511,MSTL12CRN1AG2-NP-C,ACWTS,f,6,0,55
202511,MSTL12CRN1AG2-NP-F,ACWTS,t,6,55,55
202511,MSTL12HRN1AG2-NP-C,ACWTS,f,1,0,1
202511,MSTL12HRN1AG2-NP-F,ACWTS,t,1,1,1
202511,MSTL18CRN2AG2-NP-C,ACWTS,f,6,0,96
202511,MSTL18CRN2AG2-NP-F,ACWTS,t,6,96,96
202511,MSTL18CRNAG2-NP-C,ACWTS,f,1,0,1
202511,MSTL18CRNAG2-NP-F,ACWTS,t,1,1,1
202511,MSTL18HRN2AG2-NP-C,ACWTS,f,5,0,58
202511,MSTL18HRN2AG2-NP-F,ACWTS,t,5,58,58
202511,MSTL18HRNMB2-F,ACWTS,t,1,1,1
202511,MSTL24CRN1AG2-NP-C,ACWTS,f,1,0,4
202511,MSTL24CRN1AG2-NP-F,ACWTS,t,2,3,3
202511,MSTL24CRN2AG2-NP-C,ACWTS,f,7,0,105
202511,MSTL24CRN2AG2-NP-F,ACWTS,t,7,105,105
202511,MSTL24CRNAG2-NP-C,ACWTS,f,1,0,-1
202511,MSTL24HRN2AG2-NP-C,ACWTS,f,4,0,17
202511,MSTL24HRN2AG2-NP-F,ACWTS,t,4,17,17
202511,MSTL30CRN4AB4-F,ACWTS,t,1,1,1
202511,MSTL30CRN4AB4-NP-C,ACWTS,f,8,0,4
202511,MSTL30CRN4AB4-NP-F,ACWTS,t,8,4,4
202511,MSTL30HRN4AB4-NP-C,ACWTS,f,1,0,1
202511,MSTL30HRN4AB4-NP-F,ACWTS,t,1,1,1
202511,MSTL36CRN3MB-NP-C,ACWTS,f,57,0,402
202511,MSTL36CRN3MB-NP-F,ACWTS,t,56,401,401
202511,MSTL36HRN4MB-NP-C,ACWTS,f,17,0,60
202511,MSTL36HRN4MB-NP-F,ACWTS,t,17,60,60
202511,MSTMX12CRN1AG1-C,ACWTS,f,13,0,48
202511,MSTMX12CRN1AG1-F,ACWTS,t,13,48,48
202511,MSTMX12CRN1AG1-NP-C,ACWTS,f,2,0,2
202511,MSTMX12CRN1AG1-NP-F,ACWTS,t,2,2,2
202511,MSTMX12HRN1AG1-C,ACWTS,f,9,0,28
202511,MSTMX12HRN1AG1-F,ACWTS,t,9,28,28
202511,MSTMX12HRN1AG1-NP-C,ACWTS,f,1,0,2
202511,MSTMX12HRN1AG1-NP-F,ACWTS,t,1,2,2
202511,MSTMX18CRN1AG1-C,ACWTS,f,28,0,446
202511,MSTMX18CRN1AG1-F,ACWTS,t,29,450,450
202511,MSTMX18CRN1AG1-NP-C,ACWTS,f,11,0,120
202511,MSTMX18CRN1AG1-NP-F,ACWTS,t,13,120,120
202511,MSTMX18HRN2AG1-C,ACWTS,f,1,0,35
202511,MSTMX18HRN2AG1-F,ACWTS,t,2,36,36
202511,MSTMX18HRN2AG1-NP-C,ACWTS,f,9,0,105
202511,MSTMX18HRN2AG1-NP-F,ACWTS,t,9,105,105
202511,MSTMX24CRN1AG1-C,ACWTS,f,20,0,215
202511,MSTMX24CRN1AG1-F,ACWTS,t,20,219,219
202511,MSTMX24CRN1AG1-NP-C,ACWTS,f,18,0,96
202511,MSTMX24CRN1AG1-NP-F,ACWTS,t,18,96,96
202511,MSTMX24HRN2AG1-C,ACWTS,f,10,0,65
202511,MSTMX24HRN2AG1-F,ACWTS,t,10,65,65
202511,MSTMX24HRN2AG1-NP-C,ACWTS,f,3,0,13
202511,MSTMX24HRN2AG1-NP-F,ACWTS,t,3,13,13
202511,MSTMX30CRNAG1-C,ACWTS,f,24,0,112
202511,MSTMX30CRNAG1-F,ACWTS,t,24,112,112
202511,MSTMX30CRNAG1-NP-C,ACWTS,f,7,0,27
202511,MSTMX30CRNAG1-NP-F,ACWTS,t,7,27,27
202511,MSTMX30HRN1AG1-C,ACWTS,f,2,0,4
202511,MSTMX30HRN1AG1-F,ACWTS,t,3,5,5
202511,MSTMXV12HRN2AG1-NP-C,ACWTS,f,5,0,11
202511,MSTMXV12HRN2AG1-NP-F,ACWTS,t,5,11,11
202511,MSTMXV18HRN2AG1-NP-C,ACWTS,f,3,0,11
202511,MSTMXV18HRN2AG1-NP-F,ACWTS,t,4,12,12
202511,MSTMXV24HRN2AG1-NP-C,ACWTS,f,1,0,2
202511,MSTMXV24HRN2AG1-NP-F,ACWTS,t,1,2,2
202511,MSTMXV30HRN1AG1-NP-C,ACWTS,f,1,0,1
202511,MSTMXV30HRN1AG1-NP-F,ACWTS,t,1,1,1
202511,MSTMXV30HRN2AG1-NP-C,ACWTS,f,2,0,0
202511,MSTMXV30HRN2AG1-NP-F,ACWTS,t,2,0,0
202511,MSTMXVE18CRNAG1-NP-C,ACWTS,f,11,0,87
202511,MSTMXVE18CRNAG1-NP-F,ACWTS,t,11,87,87
202511,MSTMXVE18HRN1AG1-NP-C,ACWTS,f,5,0,16
202511,MSTMXVE18HRN1AG1-NP-F,ACWTS,t,5,16,16
202511,MSTMXVE24CRNAG1-NP-C,ACWTS,f,17,0,44
202511,MSTMXVE24CRNAG1-NP-F,ACWTS,t,17,44,44
202511,MSTMXVE30HRN3AG1-NP-C,ACWTS,f,3,0,11
202511,MSTMXVE30HRN3AG1-NP-F,ACWTS,t,3,11,11
202511,MSTN12HRNAG16-NP-C,ACWTS,f,4,0,12
202511,MSTN12HRNAG16-NP-F,ACWTS,t,4,12,12
202511,MSTN18CRNAG16-NP-C,ACWTS,f,12,0,49
202511,MSTN18CRNAG16-NP-F,ACWTS,t,12,49,49
202511,MSTN18HRNAG16-NP-C,ACWTS,f,4,0,10
202511,MSTN18HRNAG16-NP-F,ACWTS,t,4,10,10
202511,MSTN24CRNAG16-NP-C,ACWTS,f,12,0,43
202511,MSTN24CRNAG16-NP-F,ACWTS,t,12,43,43
202511,MSTN24HRNAG16-NP-C,ACWTS,f,10,0,25
202511,MSTN24HRNAG16-NP-F,ACWTS,t,10,25,25
202511,MSTS12CRNAG15-NP-C,ACWTS,f,1,0,35
202511,MSTS12CRNAG15-NP-F,ACWTS,t,1,35,35
202511,MSTS12HRN1AG15-C,ACWTS,f,1,0,10
202511,MSTS12HRN1AG15-F,ACWTS,t,1,10,10
202511,MSTS18CRN2AG15-C,ACWTS,f,8,0,340
202511,MSTS18CRN2AG15-F,ACWTS,t,8,340,340
202511,MSTS18CRN2AG15-NP-C,ACWTS,f,2,0,55
202511,MSTS18CRN2AG15-NP-F,ACWTS,t,2,55,55
202511,MSTS18CRN3AB8-C,ACWTS,f,1,0,1
202511,MSTS18CRN3AB8-F,ACWTS,t,1,1,1
202511,MSTS18CRNAG15-C,ACWTS,f,2,0,3
202511,MSTS18CRNAG15-F,ACWTS,t,3,5,5
202511,MSTS18HRN1AG15-C,ACWTS,f,8,0,211
202511,MSTS18HRN1AG15-F,ACWTS,t,8,211,211
202511,MSTS24CRN2AG15-C,ACWTS,f,5,0,62
202511,MSTS24CRN2AG15-F,ACWTS,t,5,62,62
202511,MSTS24CRN2AG15-NP-C,ACWTS,f,2,0,64
202511,MSTS24CRN2AG15-NP-F,ACWTS,t,2,64,64
202511,MSTS24CRNAG15-C,ACWTS,f,1,0,-1
202511,MSTS24CRNAG15-F,ACWTS,t,1,-1,-1
202511,MSTS24HRN2AG15-C,ACWTS,f,2,0,25
202511,MSTS24HRN2AG15-F,ACWTS,t,2,25,25
202511,MSTS24HRN2AG15-NP-C,ACWTS,f,2,0,45
202511,MSTS24HRN2AG15-NP-F,ACWTS,t,2,45,45
202511,MSTS24HRNAG15-F,ACWTS,t,1,1,1
202511,MSTS30CRNAG15-C,ACWTS,f,2,0,9
202511,MSTS30CRNAG15-F,ACWTS,t,2,9,9
202511,MSTS30CRNAG15-NP-C,ACWTS,f,2,0,25
202511,MSTS30CRNAG15-NP-F,ACWTS,t,2,25,25
202511,MSTS36HRN3MB-F,ACWTS,t,2,-1,-1
202511,MSTXCV18HRNXT-NP-C,ACWTS,f,3,0,3
202511,MSTXCV18HRNXT-NP-F,ACWTS,t,3,3,3
202511,MSTXCV24HRNXT-NP-C,ACWTS,f,3,0,21
202511,MSTXCV24HRNXT-NP-F,ACWTS,t,3,21,21
202511,MTBTV18HRN5-NP-C,ACCON,f,3,0,16
202511,MTBTV18HRN5-NP-F,ACCON,t,10,109,109
202511,MTBTV24HRN3-NP-C,ACCON,f,1,0,30
202511,MTBTV24HRN4-NP-C,ACCON,f,24,0,98
202511,MTBTV24HRN4-NP-F,ACCON,t,27,86,86
202511,MTBTVE18HWN1-NP-C,ACCON,f,1,0,2
202511,MTBTVE18HWN1-NP-F,ACCON,t,1,2,2
202511,MTBTVE24HWN1-NP-C,ACCON,f,2,0,4
202511,MTBTVE24HWN1-NP-F,ACCON,t,2,4,4
202511,MTBTVE36HWN1-NP-C,ACCON,f,2,0,14
202511,MTBTVE36HWN1-NP-F,ACCON,t,2,14,14
202511,MTBTVE48HWN1-NP-C,ACCON,f,9,0,27
202511,MTBTVE48HWN1-NP-F,ACCON,t,19,63,63
202511,MTBTVE60HWN1-NP-C,ACCON,f,4,0,33
202511,MTBTVE60HWN1-NP-F,ACCON,t,4,33,33
202511,MV8-560WV2GN1(SA),ACVRF,f,2,0,2
202511,MV8-615WV2GN1(SA),ACVRF,f,1,0,5
202511,MVC-M280WV2GN1(SA)-AC,ACVRF,f,1,0,1
202511,MVC-M335WV2GN1(SA)-AC,ACVRF,f,1,0,1
202511,MVC-M450WV2GN1(SA),ACVRF,f,1,0,4
202511,MVC-M500WV2GN1(SA),ACVRF,f,1,0,1
202511,MVC-M560WV2GN1(SA),ACVRF,f,3,0,16
202511,MVC-M615WV2GN1(SA),ACVRF,f,2,0,4
202511,MVC-M615WV2GN1(SA)-AC,ACVRF,f,1,0,1
202511,MVC-M670WV2GN1(SA),ACVRF,f,1,0,1
202511,MVC-M730WV2GN1(SA),ACVRF,f,1,0,2
202511,MVC-M785WV2GN1(SA),ACVRF,f,1,0,17
202511,MVC-M850WV2GN1(SA),ACVRF,f,3,0,7
202511,MVC-M850WV2GN1(SA)-AC,ACVRF,f,1,0,2
202511,MVI-335WV2GN1(A),ACVRF,f,2,0,41
202511,MWTF14-18C,ACWIN,t,1,100,100
202511,NIM01/E,ACACC,f,2,0,13
202511,RM23A,ACACC,f,2,0,75
202511,T-MBQ4-02E1,ACACC,f,10,0,59
202511,T-MBQ4-02E(S),ACACC,f,1,0,1
202511,WDC3-86T,ACACC,f,17,0,154
202511,WDV18CWG,ACWIN,t,48,882,882
202511,WDV18HWG,ACWIN,t,18,290,290
202511,WDV24CWG,ACWIN,t,4,-6,-6
202511,WDV24HWG,ACWIN,t,12,441,441
202511,WDV25CWG,ACWIN,t,26,390,390
202512,AHUKZ-04D,ACACC,f,1,0,1
202512,FAHU_01,ACVRF,t,1,5,5
202512,FQZHD-03,ACACC,f,1,0,1
202512,FQZHN-01D,ACACC,f,9,0,202
202512,FQZHN-02D,ACACC,f,12,0,332
202512,FQZHN-03D,ACACC,f,10,0,210
202512,FQZHN-04D,ACACC,f,5,0,40
202512,FQZHN-05D,ACACC,f,3,0,30
202512,FQZHN-06D,ACACC,f,2,0,4
202512,FQZHN-07D,ACACC,f,1,0,1
202512,FQZHW-02N1E,ACACC,f,4,0,8
202512,FQZHW-02N1G,ACACC,f,2,0,18
202512,FQZHW-03N1E,ACACC,f,1,0,2
202512,GW-KNX,ACACC,f,1,0,1
202512,MCCTV18HRN2-C,ACCST,f,1,0,3
202512,MCCTV18HRN3-NP-C,ACCST,f,5,0,5
202512,MCCTV18HRN3-NP-F,ACCST,t,1,1,1
202512,MCCTV24HRN4-NP-C,ACCST,f,4,0,9
202512,MCCTV24HRN4-NP-F,ACCST,t,1,1,1
202512,MCCTV30HRN2-NP-C,ACCST,f,23,0,26
202512,MCCTV30HRN2-NP-F,ACCST,t,31,70,70
202512,MCCTV36HRN3-NP-C,ACCST,f,3,0,8
202512,MCCTV36HRN3-NP-F,ACCST,t,4,9,9
202512,MDV-D24T3/VN1-DA5(2),ACCON,t,10,80,80
202512,MDV-D28T2/VN1-DA5(2),ACCON,t,20,192,192
202512,MDV-D36Q4/VN1-E(2),ACCST,t,1,4,4
202512,MDV-D36Q4/VN1-E(AT),ACCST,t,5,7,7
202512,MDV-D40T2/VN1-DA5(AT),ACCON,t,3,1,1
202512,MDV-D42T2/VN1-DA5(2),ACCON,t,64,200,200
202512,MDV-D48Q4/VN1-E(AT),ACCST,t,1,1,1
202512,MDV-D48T2/VN1-DA5(2),ACCON,t,15,68,68
202512,MDV-D48T2/VN1-DA5(AT),ACCON,t,2,0,0
202512,MDV-D56Q4/HN1-E(2),ACCST,t,6,23,23
202512,MDV-D56Q4/HN1-E(AT),ACCST,t,1,1,1
202512,MDV-D56Q4/VN1-E(AT),ACCST,t,7,40,40
202512,MDV-D56T2/VN1-DA5(2),ACCON,t,96,433,433
202512,MDV-D56T2/VN1-DA5(AT),ACCON,t,2,-1,-1
202512,MDV-V21WDHN1(ATB),ACVRF,f,6,0,39
202512,MDV-V28WDHN1(ATB),ACVRF,f,15,0,59
202512,MDV-V36WDHN1(ATB),ACVRF,f,7,0,14
202512,MDV-V36WDHN1(ATB) CL,ACVRF,f,2,0,0
202512,MDV-V42WDHN1(ATB),ACVRF,f,57,0,182
202512,MDV-V48WDHN1(ATB),ACVRF,f,13,0,17
202512,MDV-V56W/DHN1(ATB),ACVRF,f,16,0,124
202512,MDV-V56WDHN1(ATB),ACVRF,f,92,0,324
202512,MFTGAV50CRN1-NP-C,ACPAC,f,7,0,20
202512,MFTGAV50CRN1-NP-F,ACPAC,t,7,21,21
202512,MFTGAV50HRN3-NP-C,ACPAC,f,3,0,-3
202512,MFTGAV50HRN3-NP-F,ACPAC,t,3,-3,-3
202512,MFTGD60CRN2-HAJ-NP-C,ACPAC,f,5,0,10
202512,MFTGD60CRN2-HAJ-NP-F,ACPAC,t,5,10,10
202512,MFTGD60CRN2-NP-C,ACPAC,f,1,0,-2
202512,MFTGD60CRN2-NP-F,ACPAC,t,1,-2,-2
202512,MI2-200T1DHN1,ACVRF,t,1,2,2
202512,MIH112Q4HN18,ACVRF,t,5,6,6
202512,MIH112T2HN18,ACVRF,t,6,138,138
202512,MIH140T2HN18,ACVRF,t,5,29,29
202512,MIH160T1HN18,ACVRF,t,1,5,5
202512,MIH160T2HN18,ACVRF,t,13,86,86
202512,MIH200FAHN18,ACVRF,t,3,6,6
202512,MIH224T1HN18,ACVRF,t,3,1,1
202512,MIH252FAHN18,ACVRF,t,4,3,3
202512,MIH36GHN18,ACVRF,t,2,3,3
202512,MIH36T2HN18,ACVRF,t,4,88,88
202512,MIH400FAHN18,ACVRF,t,1,1,1
202512,MIH450FAHN18,ACVRF,t,3,5,5
202512,MIH45T2HN18,ACVRF,t,3,67,67
202512,MIH560FAHN18,ACVRF,t,2,2,2
202512,MIH56GHN18,ACVRF,t,1,6,6
202512,MIH56Q4HN18,ACVRF,t,3,9,9
202512,MIH56T2HN18,ACVRF,t,6,84,84
202512,MIH71Q4HN18,ACVRF,t,1,1,1
202512,MIH71T2HN18,ACVRF,t,4,35,35
202512,MIH80T2HN18,ACVRF,t,2,8,8
202512,MIH90T2HN18,ACVRF,t,4,75,75
202512,MP12CRNPH,ACPOR,t,8,4,4
202512,MRCT-075CWN1-Y(D),ACPKG,t,1,2,2
202512,MRCT-075CWN1-Y(D) CL,ACPKG,t,1,1,1
202512,MRCT-100CWN1-Y(D) CL,ACPKG,t,2,2,2
202512,MRCT-125CWN1-Y(D),ACPKG,t,1,2,2
202512,MRCT-150CWN1-Y(D),ACPKG,t,2,3,3
202512,MRCT-250CWN1-Y(D),ACPKG,t,3,9,9
202512,MRCT-250CWN1-Y(D) CL,ACPKG,t,2,6,6
202512,MRCT-300CWN1-Y(DH),ACPKG,t,5,11,11
202512,MSTA12HRNAG14-NP-C,ACWTS,f,1,0,3
202512,MSTA12HRNAG14-NP-F,ACWTS,t,1,3,3
202512,MSTA24CRNAB8-NP-C,ACWTS,f,1,0,2
202512,MSTA24CRNAB8-NP-F,ACWTS,t,1,2,2
202512,MSTA30CRNAB8-NP-C,ACWTS,f,1,0,5
202512,MSTA30CRNAB8-NP-F,ACWTS,t,1,5,5
202512,MSTE12CRN1AG2-MOH-NP-C,ACWTS,f,1,0,5
202512,MSTE12CRN1AG2-MOH-NP-F,ACWTS,t,1,5,5
202512,MSTE12CRN1AG2-NP-C,ACWTS,f,38,0,126
202512,MSTE12CRN1AG2-NP-F,ACWTS,t,37,125,125
202512,MSTE12HRN1AG2-NP-C,ACWTS,f,20,0,93
202512,MSTE12HRN1AG2-NP-F,ACWTS,t,20,93,93
202512,MSTE18CRN2AG2-NP-C,ACWTS,f,102,0,1029
202512,MSTE18CRN2AG2-NP-F,ACWTS,t,104,1029,1029
202512,MSTE18CRNAG2-NP-C,ACWTS,f,5,0,-4
202512,MSTE18CRNAG2-NP-F,ACWTS,t,5,-5,-5
202512,MSTE18HRN1AG2-NP-C,ACWTS,f,1,0,-1
202512,MSTE18HRN1AG2-NP-F,ACWTS,t,1,-1,-1
202512,MSTE18HRN2AG2-NP-C,ACWTS,f,24,0,287
202512,MSTE18HRN2AG2-NP-F,ACWTS,t,24,287,287
202512,MSTE18HRN3AB4-C,ACWTS,f,1,0,-1
202512,MSTE18HRN3AB4-F,ACWTS,t,1,-1,-1
202512,MSTE18HRNMB2-C,ACWTS,f,1,0,1
202512,MSTE24CRN1AG2-NP-C,ACWTS,f,4,0,0
202512,MSTE24CRN1AG2-NP-F,ACWTS,t,4,2,2
202512,MSTE24CRN2AG2-NP-C,ACWTS,f,84,0,860
202512,MSTE24CRN2AG2-NP-F,ACWTS,t,84,860,860
202512,MSTE24CRNAG2-NP-C,ACWTS,f,1,0,-1
202512,MSTE24CRNAG2-NP-F,ACWTS,t,1,-1,-1
202512,MSTE24HRN2AG2-NP-C,ACWTS,f,18,0,175
202512,MSTE24HRN2AG2-NP-F,ACWTS,t,18,175,175
202512,MSTE30CRN4AB4-NP-C,ACWTS,f,47,0,231
202512,MSTE30CRN4AB4-NP-F,ACWTS,t,48,231,231
202512,MSTE30HRN3AB4-MOH-NP-C,ACWTS,f,1,0,2
202512,MSTE30HRN3AB4-MOH-NP-F,ACWTS,t,1,2,2
202512,MSTE30HRN3AB4-NP-C,ACWTS,f,1,0,-1
202512,MSTE30HRN4AB4-MOH-NP-C,ACWTS,f,1,0,9
202512,MSTE30HRN4AB4-MOH-NP-F,ACWTS,t,1,9,9
202512,MSTE30HRN4AB4-NP-C,ACWTS,f,10,0,12
202512,MSTE30HRN4AB4-NP-F,ACWTS,t,10,11,11
202512,MSTEP18CRNAG2-NP-C,ACWTS,f,2,0,9
202512,MSTEP18CRNAG2-NP-F,ACWTS,t,2,9,9
202512,MSTEP18HRN3AB4-F,ACWTS,t,1,1,1
202512,MSTEP24HRNAG2-NP-C,ACWTS,f,1,0,1
202512,MSTEP24HRNAG2-NP-F,ACWTS,t,1,1,1
202512,MSTL12CRN1AG2-NP-C,ACWTS,f,11,0,76
202512,MSTL12CRN1AG2-NP-F,ACWTS,t,11,76,76
202512,MSTL12HRN1AG2-NP-C,ACWTS,f,4,0,5
202512,MSTL12HRN1AG2-NP-F,ACWTS,t,4,5,5
202512,MSTL18CRN2AG2-NP-C,ACWTS,f,5,0,55
202512,MSTL18CRN2AG2-NP-F,ACWTS,t,5,55,55
202512,MSTL18HRN2AG2-NP-C,ACWTS,f,7,0,33
202512,MSTL18HRN2AG2-NP-F,ACWTS,t,7,33,33
202512,MSTL24CRN1AG2-NP-C,ACWTS,f,1,0,1
202512,MSTL24CRN1AG2-NP-F,ACWTS,t,1,1,1
202512,MSTL24CRN2AG2-NP-C,ACWTS,f,7,0,4
202512,MSTL24CRN2AG2-NP-F,ACWTS,t,7,4,4
202512,MSTL24HRN2AG2-NP-C,ACWTS,f,4,0,27
202512,MSTL24HRN2AG2-NP-F,ACWTS,t,4,27,27
202512,MSTL30CRN4AB4-NP-C,ACWTS,f,6,0,-19
202512,MSTL30CRN4AB4-NP-F,ACWTS,t,6,-19,-19
202512,MSTL30HRN4AB4-NP-C,ACWTS,f,4,0,-8
202512,MSTL30HRN4AB4-NP-F,ACWTS,t,4,-8,-8
202512,MSTL36CRN3MB-NP-C,ACWTS,f,55,0,172
202512,MSTL36CRN3MB-NP-F,ACWTS,t,55,171,171
202512,MSTL36HRN3MB-C,ACWTS,f,1,0,-3
202512,MSTL36HRN3MB-F,ACWTS,t,1,-3,-3
202512,MSTL36HRN4MB-NP-C,ACWTS,f,13,0,5
202512,MSTL36HRN4MB-NP-F,ACWTS,t,13,5,5
202512,MSTMX12CRN1AG1-C,ACWTS,f,15,0,62
202512,MSTMX12CRN1AG1-F,ACWTS,t,15,62,62
202512,MSTMX12CRN1AG1-NP-C,ACWTS,f,2,0,6
202512,MSTMX12CRN1AG1-NP-F,ACWTS,t,2,6,6
202512,MSTMX12CRNAG1-C,ACWTS,f,1,0,-2
202512,MSTMX12CRNAG1-F,ACWTS,t,1,-2,-2
202512,MSTMX12CRNAG1-NP-C,ACWTS,f,1,0,-1
202512,MSTMX12CRNAG1-NP-F,ACWTS,t,1,-1,-1
202512,MSTMX12HRN1AG1-C,ACWTS,f,8,0,32
202512,MSTMX12HRN1AG1-F,ACWTS,t,8,32,32
202512,MSTMX12HRN1AG1-NP-C,ACWTS,f,1,0,1
202512,MSTMX12HRN1AG1-NP-F,ACWTS,t,1,1,1
202512,MSTMX18CRN1AG1-C,ACWTS,f,30,0,463
202512,MSTMX18CRN1AG1-F,ACWTS,t,30,463,463
202512,MSTMX18CRN1AG1-NP-C,ACWTS,f,8,0,84
202512,MSTMX18CRN1AG1-NP-F,ACWTS,t,8,84,84
202512,MSTMX18HRN2AG1-C,ACWTS,f,3,0,7
202512,MSTMX18HRN2AG1-F,ACWTS,t,4,6,6
202512,MSTMX18HRN2AG1-NP-C,ACWTS,f,21,0,234
202512,MSTMX18HRN2AG1-NP-F,ACWTS,t,21,234,234
202512,MSTMX24CRN1AG1-C,ACWTS,f,29,0,204
202512,MSTMX24CRN1AG1-F,ACWTS,t,29,204,204
202512,MSTMX24CRN1AG1-NP-C,ACWTS,f,11,0,66
202512,MSTMX24CRN1AG1-NP-F,ACWTS,t,11,66,66
202512,MSTMX24HRN2AG1-C,ACWTS,f,19,0,79
202512,MSTMX24HRN2AG1-F,ACWTS,t,19,79,79
202512,MSTMX24HRN2AG1-NP-C,ACWTS,f,9,0,56
202512,MSTMX24HRN2AG1-NP-F,ACWTS,t,9,56,56
202512,MSTMX30CRNAG1-C,ACWTS,f,18,0,70
202512,MSTMX30CRNAG1-F,ACWTS,t,18,70,70
202512,MSTMX30CRNAG1-NP-C,ACWTS,f,4,0,13
202512,MSTMX30CRNAG1-NP-F,ACWTS,t,4,13,13
202512,MSTMX30HRN1AG1-C,ACWTS,f,7,0,19
202512,MSTMX30HRN1AG1-F,ACWTS,t,7,19,19
202512,MSTMX36CRNMB-C,ACWTS,f,1,0,-1
202512,MSTMX36CRNMB-F,ACWTS,t,1,-1,-1
202512,MSTMXV12HRN2AG1-NP-C,ACWTS,f,9,0,19
202512,MSTMXV12HRN2AG1-NP-F,ACWTS,t,9,19,19
202512,MSTMXV18HRN2AG1-NP-C,ACWTS,f,1,0,6
202512,MSTMXV18HRN2AG1-NP-F,ACWTS,t,1,6,6
202512,MSTMXV24HRN2AG1-NP-C,ACWTS,f,2,0,9
202512,MSTMXV24HRN2AG1-NP-F,ACWTS,t,2,9,9
202512,MSTMXV30HRN2AG1-NP-C,ACWTS,f,6,0,15
202512,MSTMXV30HRN2AG1-NP-F,ACWTS,t,6,15,15
202512,MSTMXV36HRN1MB-NP-C,ACWTS,f,2,0,2
202512,MSTMXV36HRN1MB-NP-F,ACWTS,t,2,2,2
202512,MSTMXVE18CRNAG1-NP-C,ACWTS,f,16,0,80
202512,MSTMXVE18CRNAG1-NP-F,ACWTS,t,16,80,80
202512,MSTMXVE18HRN1AG1-NP-C,ACWTS,f,4,0,24
202512,MSTMXVE18HRN1AG1-NP-F,ACWTS,t,4,24,24
202512,MSTMXVE24CRNAG1-NP-C,ACWTS,f,18,0,56
202512,MSTMXVE24CRNAG1-NP-F,ACWTS,t,18,56,56
202512,MSTMXVE30HRN3AG1-NP-C,ACWTS,f,9,0,17
202512,MSTMXVE30HRN3AG1-NP-F,ACWTS,t,9,17,17
202512,MSTN12CRNAG16-NP-C,ACWTS,f,5,0,-4
202512,MSTN12CRNAG16-NP-F,ACWTS,t,5,-4,-4
202512,MSTN12HRNAG16-NP-C,ACWTS,f,6,0,4
202512,MSTN12HRNAG16-NP-F,ACWTS,t,6,4,4
202512,MSTN18CRNAG16-NP-C,ACWTS,f,8,0,55
202512,MSTN18CRNAG16-NP-F,ACWTS,t,8,55,55
202512,MSTN18HRNAG16-NP-C,ACWTS,f,5,0,11
202512,MSTN18HRNAG16-NP-F,ACWTS,t,5,11,11
202512,MSTN24CRNAG16-NP-C,ACWTS,f,7,0,31
202512,MSTN24CRNAG16-NP-F,ACWTS,t,7,31,31
202512,MSTN24HRNAG16-NP-C,ACWTS,f,9,0,21
202512,MSTN24HRNAG16-NP-F,ACWTS,t,9,21,21
202512,MSTP19CRNAE1-NP-C,ACWTS,f,1,0,-1
202512,MSTP19CRNAE1-NP-F,ACWTS,t,1,-1,-1
202512,MSTS18CRN2AG15-NP-C,ACWTS,f,1,0,50
202512,MSTS18CRN2AG15-NP-F,ACWTS,t,1,50,50
202512,MSTS18CRNAG15-C,ACWTS,f,1,0,1
202512,MSTS18CRNAG15-F,ACWTS,t,1,1,1
202512,MSTS18HRN1AG15-C,ACWTS,f,2,0,52
202512,MSTS18HRN1AG15-F,ACWTS,t,2,53,53
202512,MSTS24CRN2AG15-C,ACWTS,f,1,0,50
202512,MSTS24CRN2AG15-F,ACWTS,t,1,50,50
202512,MSTS30CRNAG15-C,ACWTS,f,1,0,1
202512,MSTS30CRNAG15-F,ACWTS,t,1,1,1
202512,MSTS30HRNAG15-C,ACWTS,f,1,0,1
202512,MSTS30HRNAG15-F,ACWTS,t,1,1,1
202512,MSTXCV18HRNXT-NP-C,ACWTS,f,15,0,80
202512,MSTXCV18HRNXT-NP-F,ACWTS,t,15,80,80
202512,MSTXCV24HRNXT-NP-C,ACWTS,f,5,0,-14
202512,MSTXCV24HRNXT-NP-F,ACWTS,t,5,-14,-14
202512,MTBTV18HRN5-NP-C,ACCON,f,10,0,54
202512,MTBTV18HRN5-NP-F,ACCON,t,14,49,49
202512,MTBTV24HRN4-NP-C,ACCON,f,34,0,123
202512,MTBTV24HRN4-NP-F,ACCON,t,36,229,229
202512,MTBTVE24HWN1-NP-C,ACCON,f,1,0,1
202512,MTBTVE24HWN1-NP-F,ACCON,t,1,1,1
202512,MTBTVE36HWN1-NP-C,ACCON,f,5,0,37
202512,MTBTVE36HWN1-NP-F,ACCON,t,5,37,37
202512,MTBTVE48HWN1-NP-C,ACCON,f,16,0,27
202512,MTBTVE48HWN1-NP-F,ACCON,t,24,40,40
202512,MTBTVE60HWN1-NP-C,ACCON,f,2,0,6
202512,MTBTVE60HWN1-NP-F,ACCON,t,2,6,6
202512,MV8-252WV2GN1(SA),ACVRF,f,3,0,2
202512,MV8-450WV2GN1(SA),ACVRF,f,1,0,1
202512,MV8-500WV2GN1(SA),ACVRF,f,1,0,1
202512,MV8-615WV2GN1(SA),ACVRF,f,1,0,1
202512,MV8-785WV2GN1(SA),ACVRF,f,3,0,21
202512,MV8-900WV2GN1(SA),ACVRF,f,2,0,22
202512,MV8S-252WV2GN1(SA),ACVRF,f,1,0,5
202512,MV8S-280WV2GN1(SA),ACVRF,f,1,0,3
202512,MV8S-335WV2GN1(SA),ACVRF,f,1,0,10
202512,MV8S-400WV2GN1(SA),ACVRF,f,1,0,10
202512,MV8S-500WV2GN1(SA),ACVRF,f,1,0,6
202512,MV8S-560WV2GN1(SA),ACVRF,f,1,0,5
202512,MV8S-670WV2GN1(SA),ACVRF,f,1,0,6
202512,MVC-M252WV2GN1(SA),ACVRF,f,1,0,1
202512,MVC-M280WV2GN1(SA),ACVRF,f,1,0,11
202512,MVC-M400WV2GN1(SA),ACVRF,f,1,0,4
202512,MVC-M450WV2GN1(SA),ACVRF,f,3,0,12
202512,MVC-M500WV2GN1(SA),ACVRF,f,2,0,4
202512,MVC-M560WV2GN1(SA),ACVRF,f,2,0,12
202512,MVC-M615WV2GN1(SA),ACVRF,f,2,0,6
202512,MVC-M670WV2GN1(SA),ACVRF,f,1,0,1
202512,MVC-M730WV2GN1(SA),ACVRF,f,3,0,4
202512,MVC-M785WV2GN1(SA),ACVRF,f,2,0,4
202512,MVC-M850WV2GN1,ACVRF,f,1,0,1
202512,MVC-M850WV2GN1(SA),ACVRF,f,2,0,3
202512,MVI-180WV2GN1(A),ACVRF,f,1,0,1
202512,MVI-200WV2GN1(A),ACVRF,f,1,0,-1
202512,MVI-224WV2GN1(A),ACVRF,f,3,0,1
202512,MVI-280WV2GN1(A),ACVRF,f,3,0,1
202512,MVI-335WV2GN1(A),ACVRF,f,1,0,33
202512,REPE-01,ACACC,f,1,0,1
202512,RM23A,ACACC,f,10,0,22
202512,TC3-10.1,ACACC,f,5,0,9
202512,T-MBQ4-01E,ACACC,f,2,0,5
202512,T-MBQ4-02E1,ACACC,f,14,0,63
202512,WDC3-120T,ACACC,f,3,0,8
202512,WDC3-86T,ACACC,f,30,0,381
202512,WDC-86E/KD,ACACC,f,1,0,3
202512,WDV18CWG,ACWIN,t,45,287,287
202512,WDV18HWG,ACWIN,t,23,1405,1405
202512,WDV24CWG,ACWIN,t,6,-4,-4
202512,WDV24HWG,ACWIN,t,12,266,266
202512,WDV25CWG,ACWIN,t,25,-122,-122
